UUID, Name,Email
f7284ffa-9526-4422-b5e6-e7c85d8506a7,Bob,bob@example.com
ef2030eb-c13d-4846-8f74-cc51134e778d,Bob,bob@example.com
c25656bb-e563-4b58-b464-c03957bc512f,Frank,frank@mail.com
cf9f1d0b-7295-40d7-b56d-72f079f5e43d,Eve,eve@example.com
df092205-f853-40b9-89dc-9e9f205087f8,Eve,eve@example.com
96802e42-9173-4b69-99d8-2cc03fcf4779,Alice,alice@mail.com
b4141b26-853c-4582-9911-bb2478ef7019,Alice,alice@mail.com
1e850807-d639-476b-9294-e2b38f5f0e35,Bob,bob@example.com
32c0849c-fe0b-488c-9f2e-22557bbdbcad,Eve,eve@mail.com
a985b918-40d0-47dd-9e50-f1ff58974ecc,Daisy,daisy@domain.org
07c4b1c3-bf49-4b56-988a-8f13619cd17e,Daisy,daisy@example.com
780cad5a-b869-4d54-a67a-608d9a39624d,Frank,frank@domain.org
63512a0f-7da0-404d-afa8-10207d9215a9,John,john@example.com
be5de4f5-5c74-461a-9622-58188420bca5,Daisy,daisy@mail.com
0ef1007c-d6e6-4d6e-a026-f41cc57b78f3,Alice,alice@domain.org
266011ba-3b48-4749-8f89-6a33ca2e170d,Charlie,charlie@mail.com
5073bbf5-69a9-4b92-9721-e7508d9c7f08,Eve,eve@example.com
11291f49-c83e-4b58-84a2-84871be202f6,Alice,alice@mail.com
84b41509-4831-48bf-8282-e25b09edcb00,Jane,jane@domain.org
123f6f97-3aca-4c6a-8f9f-6f2a73d80435,Alice,alice@domain.org
7545050b-e75c-4c62-ac36-4a554a64ed75,Bob,bob@example.com
f6b293e2-880f-4f18-88d3-e01f2275224c,John,john@mail.com
540421a7-3229-4a82-a3ca-1388e32318ce,Eve,eve@domain.org
71f7dafa-4541-4e3d-87df-0b4d6bdc8784,Alice,alice@mail.com
2d3e81f0-2793-4091-ae60-9f8cee9ce65e,Eve,eve@domain.org
f98d6fe8-4d37-4abd-ae43-9b05c9b17aaf,Alice,alice@mail.com
4c5f3b98-dd1a-4762-9549-c50e81bce8bd,Bob,bob@example.com
380ef626-922d-45a9-a9d7-6751bf78dd58,Bob,bob@mail.com
2da6f958-e7cc-4d6c-a13e-3983989ec21a,Daisy,daisy@mail.com
5843abbd-54de-4813-834d-009328b954fa,Daisy,daisy@domain.org
fa345cf9-a986-4575-ac77-c3ab33951823,Frank,frank@example.com
a176a283-93a4-4276-bd40-e75594f52d68,Eve,eve@example.com
aec3c278-092e-4504-8290-b87ea1e9fdd8,Frank,frank@mail.com
e0022be5-49ff-4029-a018-2f151971c074,Frank,frank@example.com
0799ddf0-b651-4501-b829-26f3b47fe323,Frank,frank@mail.com
044b4967-9de7-405c-8d86-977515853e7e,Bob,bob@example.com
30f1d1fe-c287-4998-995e-2dff29409856,John,john@mail.com
2bf81dfb-f4b6-4d21-8b45-57511ca6c3e2,Eve,eve@domain.org
95a08c6f-166a-436b-933a-1c554b1b13df,Daisy,daisy@mail.com
4261ea42-d30e-496d-8765-8763453ab8b5,John,john@example.com
91d98c52-fcf4-482b-b0d3-a1fe104ee6a3,Jane,jane@domain.org
44f6398b-1181-465c-951e-742d28c42153,Frank,frank@mail.com
01cc807f-74ef-4833-8de9-93c9b9174a32,John,john@domain.org
74aada2a-61a0-4af3-b122-9e69077a4408,Frank,frank@mail.com
8eaeb258-546c-4563-ac8e-5c00c01eb0bd,Eve,eve@example.com
bc7a80f6-ab69-4bf9-97c5-4ca6b18ac46d,Charlie,charlie@mail.com
66784399-16e3-433f-891b-83f8a750957b,Charlie,charlie@domain.org
d890c21f-26ba-4e37-8566-d88129f6c426,Bob,bob@example.com
042eca4d-8a4e-4527-80fb-66a3e74fe2cf,Daisy,daisy@example.com
9df7f60f-bce9-44d2-b8d7-89a049c8a8a6,Bob,bob@domain.org
5f8a7ea0-28b7-4fca-9e03-83d872badbed,Bob,bob@example.com
5ca6b0e3-0923-4f28-afb8-0fcea5024fc2,Alice,alice@example.com
0879d7db-38aa-4aa6-b6d9-8013ec8cf58e,Frank,frank@mail.com
2c44b32e-9a0a-4fbd-a42f-7f9fe85d07d6,Jane,jane@domain.org
42a41a25-f22d-4b11-bcf1-70c1d2607503,John,john@domain.org
708792f5-3d38-4737-aa74-16fd1c367e07,Jane,jane@example.com
c9e35dfa-3503-4d88-b5b2-0711240e3373,Charlie,charlie@domain.org
c9db8f28-f3d9-4adb-bba2-95f9c5776955,Daisy,daisy@example.com
003ae6f3-599c-4065-987e-386aa8d29cde,John,john@domain.org
65307c87-c4e7-47b5-8664-344e0d678d44,Bob,bob@domain.org
9a612b27-b81a-4fa2-bc6b-1924489d65b1,John,john@example.com
a326c1ef-8221-4645-9542-72e5962cf4d8,Eve,eve@example.com
d5753e73-c8dd-4cb6-a39a-51a0e1bc7194,Frank,frank@domain.org
9360f2c9-6371-473e-b280-5c16dadb145b,Alice,alice@domain.org
b416b10c-4bc4-442b-ae01-f09eba124112,John,john@example.com
e2f5f0f3-9969-4f08-8364-5bb805b6b3a3,Daisy,daisy@domain.org
afd1b506-13f9-460c-bef3-421ed06e76e5,Eve,eve@example.com
cabe695f-77d7-44a6-8667-525134d0ccf6,Bob,bob@mail.com
3f7493ef-c27d-407d-9a83-b3279c77aa3d,Daisy,daisy@mail.com
52309846-47a5-4e32-bb99-b4974a8294f0,Jane,jane@domain.org
558d470a-b744-4c15-8f7b-0ae01bbd0f05,Daisy,daisy@example.com
b93d71ab-6da4-45d2-b97b-b0eb65aeb82c,John,john@domain.org
15d6f06d-c48a-4299-b5ba-4a6f484956ca,Charlie,charlie@example.com
6baf0805-f079-49d4-8b07-a32fb24f8a72,Charlie,charlie@mail.com
7029bcd9-e689-43e8-a1b3-6ae311132cb1,John,john@domain.org
2d053f05-d1b1-4f61-a54f-b5e7dc038786,Alice,alice@example.com
bce95cd9-6a52-4445-b0f1-0a396cbb1214,Charlie,charlie@domain.org
53e3cdf7-fdb7-4ba9-9f20-402660fc4b64,Jane,jane@mail.com
347953ac-2fe9-4a45-820f-99a7eb93c29f,Bob,bob@domain.org
ea037a87-5ce7-41e5-a3de-5be8c8dd04e4,Daisy,daisy@mail.com
3d341c85-c5d4-4e7c-91e8-b8e957f6dcda,Alice,alice@domain.org
5ef359c0-7453-4399-bb9d-55c7898cef8a,Bob,bob@mail.com
2c4de61c-a8f6-4a38-9482-52dad2e69c86,John,john@example.com
9a427d52-006d-40fd-83a1-27219adfab06,Daisy,daisy@example.com
a8a80167-e5de-49fd-b917-f4723d0be087,John,john@mail.com
0a868cd4-c27f-4c27-b7c4-70eb72c74808,Charlie,charlie@example.com
4ede7410-7f61-4dca-85c1-2fec1a31f877,Eve,eve@domain.org
5585f833-ca5f-4fa8-853d-ed2f94f5db0f,Frank,frank@domain.org
55e6c27a-0e28-4204-9b24-75c8c736536b,Alice,alice@example.com
1084d230-76d6-481c-91d7-a77e2eae4299,Jane,jane@mail.com
0a840ca2-e53d-4afb-962f-66b7247704c6,Daisy,daisy@example.com
8118badf-79eb-4a03-9ed8-fe27f9488f02,John,john@example.com
e3e97920-673c-49e0-8ffd-42fed186db1c,Bob,bob@example.com
a7b8769c-6236-4ea8-8e9b-db98f4c63eaa,Jane,jane@mail.com
a2c9b952-61c5-4db8-862e-e2dca2b5afad,Jane,jane@domain.org
42303f42-ebb7-4ec5-b44a-1e8b9049356d,Daisy,daisy@mail.com
dfbe21e2-40b9-4a02-ab6d-0364c3a2b3fe,Jane,jane@mail.com
5f55c6cd-fd98-4918-8b26-494883259446,Eve,eve@example.com
250b18f4-9e3c-4930-97e3-d0bea914b9ca,John,john@domain.org
b0eabb52-6f98-4bde-a767-b2b514013266,Eve,eve@mail.com
9117f54d-96aa-4669-ac0d-877e14bd57c3,Jane,jane@example.com
8f5d3717-c37b-4bdb-a46e-a621d54d0a84,Bob,bob@mail.com
c99d4bf7-159e-40ca-92f6-555ee966ce43,Eve,eve@mail.com
251788db-ed1b-49ee-bca2-28ec8c5fa2ca,Frank,frank@domain.org
96f337ab-3552-44c8-a879-9e8637851587,Jane,jane@mail.com
846d2792-45f8-44f7-9493-a0fe0f23414d,Charlie,charlie@example.com
9b8c8938-45f5-4638-a3c2-63de3657fdea,Charlie,charlie@example.com
606dd406-1c50-471b-a677-ca8cc5c931c3,Jane,jane@mail.com
80617272-e048-455a-a8f5-5e8c6c64b78a,Eve,eve@domain.org
fc5646ec-930e-4832-b24b-626214a85822,Alice,alice@mail.com
d1aa74a7-b630-49be-9f14-1c34660efd7a,Daisy,daisy@example.com
2e2b8625-8166-4359-9bf0-8ca4fca239c1,Bob,bob@mail.com
afce482f-ce5a-4a08-8abc-c2ecb91d4a67,Jane,jane@example.com
f199b476-47b1-47d8-b687-f4df95cdee48,Alice,alice@mail.com
9a6b6bb3-3dd1-42f7-a9e9-d7ccaf990fcf,Frank,frank@mail.com
095d08fd-ca91-4f32-abc5-205342804d96,Alice,alice@example.com
dfdbeeaf-b2a3-469d-9738-fbc3b12a8430,John,john@example.com
a7c1788c-aec4-4029-bfa5-804b0cec0012,Daisy,daisy@mail.com
dfa266ab-1d5a-4423-8bb7-cc1ccb8333c2,Frank,frank@domain.org
68eedb2f-0a46-4683-89ff-172fb3111a13,Jane,jane@mail.com
f6a7eada-92cc-4041-a089-2b90ded23793,Frank,frank@domain.org
3632f300-777e-4ffd-b248-081531ee61a9,Frank,frank@example.com
fa6aa88a-ebf0-4acb-ba74-44b7cb44c97c,Frank,frank@mail.com
cdf99d6c-6768-420d-837d-681bd027f38b,Eve,eve@mail.com
8bb80772-e7b0-4ce2-88bf-2cb5236681dc,Eve,eve@domain.org
9687a043-63c0-46c4-a1f8-5790f1a3676a,Charlie,charlie@domain.org
184326d6-8d56-4846-80f2-a203b6d93e19,John,john@example.com
6386b906-55a2-4c09-973d-53b83a1aab05,Charlie,charlie@domain.org
451c0b48-138b-4975-ba13-36fbf4b3c276,John,john@mail.com
bc6b51b7-5392-4b3a-abec-06d6445a21a2,Daisy,daisy@mail.com
2f6aba99-c8a1-45ce-8dd2-e720413d59f9,Frank,frank@mail.com
7a9348a6-5549-447c-b91d-b0f374b4d067,Alice,alice@example.com
569c362d-f622-4e56-ab26-248eea1d9000,Charlie,charlie@domain.org
530aab00-4883-4aa0-b37d-bb13f0b33353,Bob,bob@domain.org
8145b715-8b20-4329-9101-c1c677ebabfc,Bob,bob@mail.com
c67b42fe-ee71-4eba-89f4-84ec1961a792,Daisy,daisy@domain.org
238a51fa-117d-4a73-9c1c-d0584f79d6f4,Alice,alice@domain.org
96b5f9a4-35df-40f6-b45a-0f040be021fb,Jane,jane@mail.com
acb137ce-4c2c-4455-8225-08609e3bc031,John,john@mail.com
746abf1a-2799-45dc-ab52-3acba7dd61c7,John,john@domain.org
c3a4d0b2-e9e9-4e91-b23c-6b136747a102,Eve,eve@example.com
160939f8-feb8-4407-b55e-e36631f6c748,Frank,frank@mail.com
5ea5341b-d239-4d5c-ae2c-8573d25caa0a,Charlie,charlie@example.com
e4a2fad0-559c-47a6-bc6a-a27d1bca4d30,John,john@mail.com
5e3ca600-de57-40ab-816b-ccafcc1a3e48,Bob,bob@example.com
c477906e-a652-42d5-bdf0-33d7e76f9266,Alice,alice@mail.com
bac65f0f-2048-4327-8897-7a0c97cd6c29,John,john@domain.org
87823049-d6c5-4df9-a5e5-ad9ccbd1755d,Jane,jane@domain.org
245a02e7-b396-4b26-abb6-3afc632fe980,Alice,alice@domain.org
2a16c988-95be-42c4-9433-ee3eacf729cd,Alice,alice@example.com
5e4696c9-8e36-43c1-91d4-0b10a020d45e,Frank,frank@domain.org
0fbc618c-cde1-40b9-bce9-c3e1692518cf,John,john@mail.com
a5e27574-4473-4f16-8bcb-9c2bc67fc297,John,john@domain.org
350d3dc0-06a6-449b-8696-13d2ab3bfcaa,Jane,jane@example.com
2e867820-08b7-4f17-a725-dec9004a56c5,Frank,frank@mail.com
1b15fa2a-4662-4891-b87d-78bea3b45be1,Daisy,daisy@domain.org
2fad2ca2-b15e-4f40-b84a-ae7d7cee6ba1,Bob,bob@mail.com
fdffacd9-3fd1-4e2b-9547-04a2c1f2cd77,Jane,jane@domain.org
e168c1cb-7717-4077-b86a-24934428b086,Charlie,charlie@domain.org
dc3e80c6-8ae4-4a7c-894f-21a535cb283e,Frank,frank@example.com
756cebad-a71a-4551-a11a-fbbbe1ae241a,John,john@mail.com
54c5a7d1-617e-4192-ac5a-6fa736eff49e,Alice,alice@mail.com
f418f151-4f16-439e-9f43-361e0bc8bc39,Eve,eve@example.com
d5f659ca-3490-4462-bd25-7a8493499183,Jane,jane@mail.com
d19cee68-91a2-4984-91a8-e19a6efc36d5,John,john@example.com
a5448f43-93aa-43fc-8c6e-e09a0ad3cf5c,John,john@example.com
64349987-f64e-4a23-9091-6087d37242ac,Jane,jane@example.com
742e4ed4-18f2-4009-9ac1-9270a18a4144,John,john@mail.com
3e38cc68-19e2-4d2d-b360-6d672ca9111a,Jane,jane@example.com
0fb7ac09-d873-488d-823c-21c535b1e4d0,Jane,jane@mail.com
d29d7ca5-6bf0-418d-a1d7-d9cec518d211,Bob,bob@example.com
3de3768c-5243-41b2-a320-bf701b531975,Alice,alice@mail.com
347a47f4-7be1-47cc-87f5-8d37f0541d09,Daisy,daisy@example.com
5be1e4ab-ea68-45ec-8c29-3b675452641a,Jane,jane@example.com
6c21bbfd-8dbe-4385-b9ff-748a6c917002,Jane,jane@domain.org
139cce12-c795-4076-beee-ae6b16e75c22,Charlie,charlie@example.com
98e5e841-bbc3-49af-b466-1f845e964e2d,Frank,frank@domain.org
6ce31165-7d0d-411d-953f-a9563defeaf2,Jane,jane@mail.com
1cbe5173-7cf3-44d5-9f0e-adbfd1717eaa,Daisy,daisy@domain.org
38bc3d32-0fda-4cea-878e-133d241137bd,Frank,frank@mail.com
27c863da-f5ae-43ff-965d-a8a10663b20d,Charlie,charlie@domain.org
0137989c-af83-4cb9-b004-c0c448042eae,Alice,alice@mail.com
6f142793-997c-424f-9c43-406e9053978b,Alice,alice@domain.org
a277d290-1e96-47c4-8370-8c1fd8fad6ae,Charlie,charlie@domain.org
655162bf-4132-4230-9d03-de1f014ba5fc,Eve,eve@example.com
e7502347-a40f-495c-8dbb-0d076999b037,Eve,eve@mail.com
da4ea573-e307-4f27-b09e-c9c7aea3b9cd,Daisy,daisy@domain.org
d58be283-4c57-4c81-9bf9-c67ab5a544b3,Daisy,daisy@domain.org
e5521ee7-6992-467f-bc40-d5d7a8d274a2,Jane,jane@domain.org
f4b98bd1-b116-4224-a4a9-13b2321aaf8d,Alice,alice@mail.com
35805b54-4971-4e69-a979-1e86bd8af356,John,john@example.com
99ddcda4-b2cc-4ca6-b4e5-aeed88c3f4d7,Daisy,daisy@domain.org
90153193-677e-4255-9b1b-e87c328e0123,Eve,eve@mail.com
a37b42b5-c0c0-4a3e-ba2a-c152574f3bf9,Charlie,charlie@example.com
97048570-9b78-4ab6-b74b-f49273e98715,Bob,bob@domain.org
f41e89c9-23d1-422e-9e97-f2ad0740fdb3,Charlie,charlie@example.com
fdfcfb61-5d57-4b57-91ef-d253ecddfd33,Charlie,charlie@domain.org
96873b52-4e90-45b7-86e3-6fbd76fbc9dc,Daisy,daisy@domain.org
7898eaa4-ecbb-4265-8709-23be27b5731f,Frank,frank@domain.org
9cee8fc5-ca02-4406-90b1-4ff4ca371893,Bob,bob@example.com
6ec91031-ffd3-4230-9dc9-a5139571c897,John,john@example.com
d21e485b-5c5e-454b-a288-eef60ee18fe4,Bob,bob@mail.com
79b074f6-6652-472a-8472-b8422873ec47,Jane,jane@example.com
80d40b19-f9c3-47b0-801f-eba1ab9e8c84,Jane,jane@example.com
d79084db-9f15-46c9-8f01-35e0ab9cc852,Alice,alice@domain.org
bc9bec80-c735-4c93-812c-81507a600dc7,Jane,jane@domain.org
04cd8f2e-d819-4e4e-9603-b39cafd15094,Daisy,daisy@domain.org
7a2399ed-0fd6-4abb-8b73-5dfb0d6a6a6a,Bob,bob@mail.com
29edfb77-5857-44f0-9423-f34786b81e6f,Bob,bob@domain.org
2f7692d8-9900-46c0-a63f-05fbed711d40,Alice,alice@domain.org
edaedb8d-8dc2-472f-a1eb-9dcf9a4f3382,Charlie,charlie@mail.com
01696b4f-9b0a-427f-95a3-714dad53dda8,Alice,alice@mail.com
757d6391-2f61-43b4-9fe4-20a28b1464e9,Eve,eve@example.com
e8d87464-068e-4652-8d38-61761cb22506,John,john@mail.com
4eb6a1b6-60d9-4d1b-87af-f22ce1c46413,Bob,bob@domain.org
57c39a1c-d0d7-4417-8a0a-7084e01037af,Daisy,daisy@example.com
362082b5-6dfb-4bf5-90b1-29c60af84524,Jane,jane@example.com
089ef2c2-131e-4a81-9089-1cbdb4abce88,Eve,eve@example.com
8bdd4635-4e85-4c7f-9cbf-73ed1e2b00fa,Alice,alice@mail.com
5316d57f-0971-4d7c-9e9b-d8d18c55746d,Jane,jane@example.com
ecbf0c59-e4dd-40fb-b2af-a2bc91b2ba10,Charlie,charlie@mail.com
5d4d4b5a-b83b-455d-8794-f2e2825a366d,Daisy,daisy@mail.com
0b6055f4-8225-42e8-a8f5-7c32b5cf1c61,Jane,jane@mail.com
2ce495fd-0ae4-41a3-810e-6487ec068dc4,Bob,bob@example.com
a4d63862-74ed-406f-afd3-44f472220dee,Alice,alice@mail.com
b4e070d8-523d-4c5b-97fc-00cba4e84529,Bob,bob@mail.com
722b855a-1179-429e-a934-b17502287edd,Eve,eve@domain.org
d830950e-74d1-40e3-82dc-72e6a5c73bab,Daisy,daisy@domain.org
da3e7500-d1e2-449d-b3f9-db8221a63701,Charlie,charlie@example.com
d04a413b-35e0-4fd2-8fc0-6f49c8b3f213,John,john@mail.com
5acf37a4-7df8-474d-aa04-c782a2e3ac2c,Frank,frank@example.com
95520f64-75c1-447b-9d39-56868361f059,Bob,bob@mail.com
ee68efb4-2eff-4cd2-a0ec-203ba6b05ba3,Eve,eve@domain.org
f3f0c9eb-8db7-4c7c-8f5f-8398108fcfc0,Frank,frank@mail.com
4aa3e1f4-9fd8-4610-86b5-4ae85df45105,Alice,alice@example.com
3c15a36a-35bd-4a36-99a6-86dc9ca2b45b,Charlie,charlie@domain.org
5b25e9cd-bfd7-44dc-9a61-40a75655cb30,Eve,eve@example.com
19ad81c9-d648-4101-be46-b815c928c58a,Frank,frank@example.com
cbe2f934-4fc0-4202-b4e4-9f9685c6b8a7,John,john@mail.com
b70ca9fe-7f81-46d5-bf9b-4312f5fd810b,John,john@domain.org
221a1569-b33f-4d92-8a61-bf7b5b593333,Frank,frank@example.com
cec55148-adc5-4684-8f08-625bab6d0cf2,Daisy,daisy@domain.org
a3cf49d2-da7d-40cf-b113-0ac3df32b4c3,Charlie,charlie@mail.com
13f2318c-9ac7-4ec5-a71e-6ebffb1434a0,Daisy,daisy@domain.org
52379cd8-bdc3-4d8e-ae29-12c80cb28770,Alice,alice@example.com
1f206de2-8494-4d35-937f-04f138c670c2,Frank,frank@domain.org
9915392d-7274-40f1-a27f-24bed7b08c34,Charlie,charlie@mail.com
e189b7f2-a275-4cc8-be08-854c2ce512ca,Jane,jane@domain.org
11ef46f8-bbe1-4e78-bd6e-d124011b7df8,Jane,jane@example.com
b1e77196-a815-48fb-88cb-95843b953aaa,Eve,eve@example.com
82da47a2-2a76-43f9-9d12-af7d08a6a0f7,Charlie,charlie@domain.org
cd4c015c-bbe9-4923-91c5-1caa5b3f2632,Charlie,charlie@example.com
20000969-9ef0-4158-9f98-75085b55913d,Daisy,daisy@domain.org
cccfc4fd-2b14-4424-87c3-df06e6dac929,Jane,jane@domain.org
61b7a772-8d64-4103-9ec0-51ff8c2441a8,Eve,eve@mail.com
74264ae7-b1cd-4107-9427-434157102188,Frank,frank@domain.org
fa2e887b-2e16-42af-9b9d-4c22a1ccf8d9,Jane,jane@mail.com
b767454c-ddf8-4ef7-995e-de398cddc790,Alice,alice@domain.org
64486f19-326f-478c-b49d-9394c319bfb7,Charlie,charlie@domain.org
514bd4ec-ee3b-4eb7-87c2-a3ed3e247c02,Alice,alice@example.com
68f9a91f-aa65-4c8c-8abd-b0df7648f33f,John,john@mail.com
3aae82fe-0a7a-40f0-a19c-cded877765d6,Frank,frank@domain.org
b4c8b8d7-cb6b-4558-9d7b-825c2dfdf78f,John,john@domain.org
d081ff30-c361-4ec4-a705-8602df56e056,Jane,jane@domain.org
90f21b84-7273-4584-a886-d42f5dfb3445,Jane,jane@domain.org
4911e15d-4fa5-47c2-9407-b4274cfe6188,Charlie,charlie@domain.org
ee9dbce1-3b7c-4bc1-a751-391cf36d0edd,Daisy,daisy@domain.org
e30ecf57-e945-417f-bee6-7ed1d3cd941a,John,john@mail.com
b2a5cd87-69cb-4fd8-afbc-8de9b953f37e,Jane,jane@domain.org
eb7c0683-2f90-4da0-9ac0-c10432bfffca,Alice,alice@domain.org
8d8c3c1f-1079-43e2-8a68-e61b284e29fb,Frank,frank@example.com
c4c8c9ab-5e17-4516-8845-81553c8e2a4e,Eve,eve@mail.com
58564404-0876-462b-bbff-969a31597e0a,Charlie,charlie@example.com
aa19b63e-2525-4f3a-94ad-b00122172a60,Daisy,daisy@example.com
8b03cc57-5e8c-44a5-9caf-6e228a9f24ba,Daisy,daisy@example.com
a72d53d2-b3e8-4eff-afa1-0b89584bee0b,Frank,frank@example.com
b6ff67aa-fdd4-4c51-8ef6-64cdba817f26,Jane,jane@mail.com
c3bec505-61fb-4eeb-ae3c-146bf5a63e5a,Alice,alice@mail.com
617f9961-4175-49f9-b581-93fce9584f97,Bob,bob@mail.com
be63d180-7057-4532-b4df-1f15fd4466f2,Jane,jane@mail.com
8aba8ba2-3315-43f0-ad5a-4743102d8491,Eve,eve@example.com
aac3bd07-c65b-4b40-b518-29b3c4955836,Alice,alice@example.com
ff786987-843e-4eec-a9f8-e6c31c28bee5,John,john@example.com
935f23cf-d4b3-4254-b6a6-e01f8e456c64,John,john@example.com
f0005fe4-d136-4018-a76d-2c4c85219697,Bob,bob@mail.com
d2bc42ba-439c-4240-9f28-22fcb2dfee02,Jane,jane@mail.com
170d16cb-424e-46a9-9441-6ffb539a7b91,Bob,bob@example.com
b74af1ca-016d-441b-9e4f-5ed8b4e10214,Bob,bob@mail.com
8b09f8a0-a5f5-4ef4-9c7a-458e9b980315,Eve,eve@example.com
2384ae09-dd81-479e-91a7-69882a0464fb,Charlie,charlie@example.com
d598ec0d-9e2c-4fd0-aa44-5550e9682127,Frank,frank@example.com
04d97799-8de1-4324-8ada-939ef00b7af4,Frank,frank@mail.com
29f9d0cf-1a0e-44a5-8174-7758b7378a04,Jane,jane@example.com
c25ac279-d7e9-499f-86a4-c4cb4a74212e,Charlie,charlie@domain.org
1dd55cb8-4938-4d33-b0f5-20ad33840a80,John,john@domain.org
e8e8547a-557f-4847-bfe4-bcc113aa20e5,John,john@domain.org
65a0bb8c-1dda-4621-a24a-8809052bed3b,Jane,jane@domain.org
5f859cff-ce81-47fd-93b3-d29fa3a762b9,Alice,alice@example.com
2d376acd-6e25-4239-a430-6ab9db883860,Daisy,daisy@domain.org
1cccbc96-75c3-44b9-af54-3c85e88d9ae4,Eve,eve@example.com
706b5132-0259-42f3-92b6-041b15357468,Charlie,charlie@example.com
7a5472d9-c4a8-4a66-89b7-4dcb5fc8d7c5,Charlie,charlie@mail.com
08241f65-d894-404c-9fda-dc9978c9604c,Jane,jane@mail.com
13e2715d-1746-4d26-bc74-fc94c10f29e6,Charlie,charlie@mail.com
e5d8ca74-de64-43f6-8fa1-4624764a341c,Eve,eve@domain.org
3f1167cb-2e27-4dbf-a116-5f8e044d310d,John,john@mail.com
25787226-7034-452b-a327-788d680295b1,Eve,eve@example.com
95f099d3-f7a4-4cf9-bb1a-60dabd906379,Alice,alice@example.com
0ed9d3bb-8e50-4497-a45f-fdf4a5ed2aed,Eve,eve@domain.org
46398380-8003-4347-af81-942a5081b202,Alice,alice@mail.com
93897a9b-48ad-4114-b016-eaf08736f825,Jane,jane@example.com
688cfd00-11f6-4653-88e1-213a82057e76,Jane,jane@example.com
61b3edfe-bc02-4b73-84fe-44b32bf31dac,Bob,bob@domain.org
b953b59b-720e-4885-b4fc-023a6ffbde0d,Daisy,daisy@domain.org
58892e8e-bf44-4e92-a62f-e4c76d65b39c,Daisy,daisy@domain.org
7f0a40bc-679e-4ecd-b541-9158991146c8,Frank,frank@example.com
5a831ad3-5f44-4b08-a461-40d71783f444,Daisy,daisy@domain.org
5dfc67cc-772e-4957-af70-7215dcf02675,Frank,frank@example.com
81877c27-32f0-4128-b475-85260f6afafe,Charlie,charlie@example.com
46c19630-3181-42b2-8a95-84a1962af88b,Eve,eve@domain.org
2f180538-388b-4a7a-8c64-0587d6715a5e,Eve,eve@mail.com
8a4a1464-f46a-400b-8740-350da8f1328b,John,john@mail.com
0c9d9be6-9f83-4486-a313-51022e4acfda,Charlie,charlie@mail.com
9b876eea-c884-4cb4-ad70-b3471695a917,Bob,bob@example.com
433b7d47-5de3-46db-9322-f2e085ba8053,Alice,alice@mail.com
7db9fc79-4af0-4a00-ac64-1302e5352523,Charlie,charlie@mail.com
1268dcf7-fe99-4595-89be-f568b05f3362,Daisy,daisy@example.com
c39ef8aa-5642-4748-8afb-de73e5489e56,Alice,alice@mail.com
d33feedf-06b6-43bc-8651-02ad6374420c,Alice,alice@mail.com
f9d8ef27-267e-4995-8026-0f816f09fda1,Frank,frank@mail.com
8a21f96c-57b7-4c8d-a6ff-d30f75e4dd20,Alice,Alice@example.com
7d3e3b3f-c65a-4644-b41f-925f372e1f6a,Bob,Bob@example.com
38c277ff-4e73-4254-a498-ea29b4a58d50,Charlie,Charlie@example.com
3b5b3c11-c0c1-45eb-bf65-520c2d4ebe9e,Diana,Diana@example.com
29d41b8a-86aa-49b3-928f-2a00656f765c,Eve,Eve@example.com
a1d4f2d1-c2bb-48db-b3eb-9c8df720dd6e,George,George@example.com
d765b4e2-e2e1-4fda-a985-840a267f89af,Henry,Henry@example.com
bf9c3fcd-2ef6-499e-bc7a-dfe4c8b2d7de,Isabel,Isabel@example.com
19a0c22f-45e2-4fcb-a602-2a302df5b7ea,Jane,Jane@example.com
508ebd4a-40ab-4923-b530-e8c7a281e783,John,John@example.com